id,label,text
1,0,"Subject: Team meeting update. Hi team, our regular meeting is moved to 3 PM tomorrow. The agenda is attached."
2,0,"Subject: Library reminder. Your reserved book is ready for collection. Please visit the library during normal opening hours."
3,0,"Subject: Course announcement. The department has published the timetable for next week. Please check the student portal."
4,0,"Subject: Project review. Please bring your current project progress to the scheduled review."
5,0,"Subject: Monthly newsletter. Here is the department newsletter with upcoming events and workshops."
6,0,"Subject: Assignment feedback. Your instructor has posted feedback for the latest assignment in the learning system."
7,0,"Subject: Club meeting. The next club meeting will take place on Friday in the usual room."
8,0,"Subject: Internship workshop. Registration is available through the official college portal."
9,0,"Subject: Delivery update. Your sample order has been scheduled for delivery tomorrow."
10,0,"Subject: Account notice. This is a routine notification that your profile details were updated."
11,1,"Subject: URGENT verify now. Your account will be closed within 24 hours. Sign in and provide your password immediately at https://secure-login.example.com/account."
12,1,"Subject: Final warning. Your payment is suspended. Confirm your credit card and security code immediately at http://192.0.2.10/verify."
13,1,"Subject: Security alert. Your password has expired. Verify your account and OTP now or your access will be blocked."
14,1,"Subject: Refund available. Send your bank account details and card information immediately to process the refund."
15,1,"Subject: Action required. Your mailbox will be terminated today unless you sign in using the link https://account-check.example.net/verify."
16,1,"Subject: Gift card request. Buy gift cards immediately and send the codes because this is confidential and urgent."
17,1,"Subject: Legal notice. Your account is suspended. Pay the penalty immediately or legal action may follow."
18,1,"Subject: Password verification. Confirm your username password and one-time password within 24 hours."
19,1,"Subject: Urgent invoice. Open the attached invoice and complete the wire transfer today."
20,1,"Subject: Security team. We detected suspicious activity. Act now and verify your credentials at https://xn--example-9za.invalid/login."
